,CLM_DTL_ID,CLM_AMT,CLM_OCCR_ZIP,CLM_FRAUD_IND,CLAIMANT_TAX_ID,MEDPROV_TAX_ID,CLMT_AVG_WKLY_WAGE,DAYS_LOST,CLM_STS_ID
count,29898.0,29898.0,29898.0,29898.0,29898.0,29898.0,29898.0,29898.0,29898.0
mean,18496.040537828616,5028.583398555087,50417.239380560575,0.14960866947621915,456374727.9371864,510034070.51197404,4573.888267442638,72.23804267844002,11155335.019365843
std,4324.047879512485,2889.157341030565,28932.42606914784,0.3566933850915744,258901780.67477453,278007190.2238679,2848.603290487555,64.8652282627934,25790.580054991526
min,11001.0,10.11,510.0,0.0,1948961.0,10078182.0,500.25,0.0,11110011.0
25%,14765.0,2535.61,25034.0,0.0,236677915.25,274803811.0,2442.2400000000002,19.0,11133078.0
50%,18499.0,5042.23,50513.5,0.0,459042886.0,522917446.0,4392.995000000001,52.0,11155370.0
75%,22230.75,7521.5675,75689.0,0.0,683715155.0,740592963.0,6308.395,120.0,11177397.0
max,26000.0,9999.77,99947.0,1.0,899823399.0,999783662.0,19999.33,365.0,11199995.0
